rtt,scenario,mode,iteration,feedback_ms,http_request_count,request_body_bytes,response_body_bytes,outcome
0,invalid_format,server,1,29.5,1,100,95,server-error
0,invalid_format,server,2,32.299999999813735,1,100,95,server-error
0,invalid_format,server,3,32.5,1,100,95,server-error
0,invalid_format,server,4,33.10000000009313,1,100,95,server-error
0,invalid_format,server,5,30.799999999813735,1,100,95,server-error
0,invalid_format,server,6,32,1,100,95,server-error
0,invalid_format,server,7,31.800000000279397,1,100,95,server-error
0,invalid_format,server,8,33.09999999962747,1,100,95,server-error
0,invalid_format,server,9,32.799999999813735,1,100,95,server-error
0,invalid_format,server,10,31.399999999906868,1,100,95,server-error
0,invalid_format,server,11,17.199999999720603,1,100,95,server-error
0,invalid_format,server,12,33.299999999813735,1,100,95,server-error
0,invalid_format,server,13,16.899999999906868,1,100,95,server-error
0,invalid_format,server,14,18.5,1,100,95,server-error
0,invalid_format,server,15,28.800000000279397,1,100,95,server-error
0,invalid_format,server,16,18.899999999906868,1,100,95,server-error
0,invalid_format,server,17,19.200000000186265,1,100,95,server-error
0,invalid_format,server,18,33.39999999990687,1,100,95,server-error
0,invalid_format,server,19,33,1,100,95,server-error
0,invalid_format,server,20,35.39999999990687,1,100,95,server-error
0,invalid_format,server,21,29.90000000037253,1,100,95,server-error
0,invalid_format,server,22,31.899999999906868,1,100,95,server-error
0,invalid_format,server,23,33.10000000009313,1,100,95,server-error
0,invalid_format,server,24,22.300000000279397,1,100,95,server-error
0,invalid_format,server,25,29.59999999962747,1,100,95,server-error
0,invalid_format,server,26,21.199999999720603,1,100,95,server-error
0,invalid_format,server,27,21.600000000093132,1,100,95,server-error
0,invalid_format,server,28,31.200000000186265,1,100,95,server-error
0,invalid_format,server,29,24,1,100,95,server-error
0,invalid_format,server,30,29.399999999906868,1,100,95,server-error
0,invalid_format,client,1,0.3000000002793968,0,0,0,client-validation-error
0,invalid_format,client,2,0.19999999972060323,0,0,0,client-validation-error
0,invalid_format,client,3,0.20000000018626451,0,0,0,client-validation-error
0,invalid_format,client,4,0.10000000009313226,0,0,0,client-validation-error
0,invalid_format,client,5,0,0,0,0,client-validation-error
0,invalid_format,client,6,0.19999999972060323,0,0,0,client-validation-error
0,invalid_format,client,7,0.10000000009313226,0,0,0,client-validation-error
0,invalid_format,client,8,0.10000000009313226,0,0,0,client-validation-error
0,invalid_format,client,9,0.10000000009313226,0,0,0,client-validation-error
0,invalid_format,client,10,0.10000000009313226,0,0,0,client-validation-error
0,invalid_format,client,11,0.10000000009313226,0,0,0,client-validation-error
0,invalid_format,client,12,0.20000000018626451,0,0,0,client-validation-error
0,invalid_format,client,13,0.10000000009313226,0,0,0,client-validation-error
0,invalid_format,client,14,0,0,0,0,client-validation-error
0,invalid_format,client,15,0.10000000009313226,0,0,0,client-validation-error
0,invalid_format,client,16,0.19999999972060323,0,0,0,client-validation-error
0,invalid_format,client,17,0.19999999972060323,0,0,0,client-validation-error
0,invalid_format,client,18,0.09999999962747097,0,0,0,client-validation-error
0,invalid_format,client,19,0.10000000009313226,0,0,0,client-validation-error
0,invalid_format,client,20,0.10000000009313226,0,0,0,client-validation-error
0,invalid_format,client,21,0.20000000018626451,0,0,0,client-validation-error
0,invalid_format,client,22,0,0,0,0,client-validation-error
0,invalid_format,client,23,0.10000000009313226,0,0,0,client-validation-error
0,invalid_format,client,24,0,0,0,0,client-validation-error
0,invalid_format,client,25,0,0,0,0,client-validation-error
0,invalid_format,client,26,0,0,0,0,client-validation-error
0,invalid_format,client,27,0.09999999962747097,0,0,0,client-validation-error
0,invalid_format,client,28,0.10000000009313226,0,0,0,client-validation-error
0,invalid_format,client,29,0.09999999962747097,0,0,0,client-validation-error
0,invalid_format,client,30,0.10000000009313226,0,0,0,client-validation-error
0,valid,server,1,34.700000000186265,1,118,104,success
0,valid,server,2,26.59999999962747,1,118,104,success
0,valid,server,3,22.5,1,118,104,success
0,valid,server,4,33,1,118,104,success
0,valid,server,5,31.600000000093132,1,118,104,success
0,valid,server,6,28.399999999906868,1,118,104,success
0,valid,server,7,28.5,1,118,104,success
0,valid,server,8,27,1,118,104,success
0,valid,server,9,31.100000000093132,1,118,104,success
0,valid,server,10,28.600000000093132,1,118,104,success
0,valid,server,11,31.200000000186265,1,118,104,success
0,valid,server,12,28.899999999906868,1,118,104,success
0,valid,server,13,29.100000000093132,1,118,104,success
0,valid,server,14,30.40000000037253,1,118,104,success
0,valid,server,15,33.10000000009313,1,118,104,success
0,valid,server,16,31.300000000279397,1,118,104,success
0,valid,server,17,30.299999999813735,1,118,104,success
0,valid,server,18,29,1,118,104,success
0,valid,server,19,30.600000000093132,1,118,104,success
0,valid,server,20,29.600000000093132,1,118,104,success
0,valid,server,21,30.200000000186265,1,118,104,success
0,valid,server,22,31.100000000093132,1,118,104,success
0,valid,server,23,28.299999999813735,1,118,104,success
0,valid,server,24,28.100000000093132,1,118,104,success
0,valid,server,25,31.899999999906868,1,118,104,success
0,valid,server,26,24.200000000186265,1,118,104,success
0,valid,server,27,29.100000000093132,1,118,104,success
0,valid,server,28,15.200000000186265,1,118,104,success
0,valid,server,29,29.399999999906868,1,118,104,success
0,valid,server,30,27.200000000186265,1,118,104,success
0,valid,client,1,26.700000000186265,1,118,104,success
0,valid,client,2,31.300000000279397,1,118,104,success
0,valid,client,3,24,1,118,104,success
0,valid,client,4,30.300000000279397,1,118,104,success
0,valid,client,5,31.399999999906868,1,118,104,success
0,valid,client,6,30,1,118,104,success
0,valid,client,7,29.700000000186265,1,118,104,success
0,valid,client,8,29.199999999720603,1,118,104,success
0,valid,client,9,30.100000000093132,1,118,104,success
0,valid,client,10,29.200000000186265,1,118,104,success
0,valid,client,11,20.700000000186265,1,118,104,success
0,valid,client,12,22,1,118,104,success
0,valid,client,13,23.5,1,118,104,success
0,valid,client,14,20.299999999813735,1,118,104,success
0,valid,client,15,20.899999999906868,1,118,104,success
0,valid,client,16,24.899999999906868,1,118,104,success
0,valid,client,17,21.199999999720603,1,118,104,success
0,valid,client,18,23.100000000093132,1,118,104,success
0,valid,client,19,22.699999999720603,1,118,104,success
0,valid,client,20,24.299999999813735,1,118,104,success
0,valid,client,21,23.200000000186265,1,118,104,success
0,valid,client,22,24.699999999720603,1,118,104,success
0,valid,client,23,24.899999999906868,1,118,104,success
0,valid,client,24,22.100000000093132,1,118,104,success
0,valid,client,25,21.600000000093132,1,118,104,success
0,valid,client,26,22.90000000037253,1,118,104,success
0,valid,client,27,25.700000000186265,1,118,104,success
0,valid,client,28,21.899999999906868,1,118,104,success
0,valid,client,29,21.800000000279397,1,118,104,success
0,valid,client,30,23.90000000037253,1,118,104,success
0,duplicate,server,1,23.800000000279397,1,112,92,server-error
0,duplicate,server,2,26,1,112,92,server-error
0,duplicate,server,3,30.700000000186265,1,112,92,server-error
0,duplicate,server,4,32.3000000002794,1,112,92,server-error
0,duplicate,server,5,24.399999999906868,1,112,92,server-error
0,duplicate,server,6,31.100000000093132,1,112,92,server-error
0,duplicate,server,7,24.299999999813735,1,112,92,server-error
0,duplicate,server,8,26,1,112,92,server-error
0,duplicate,server,9,26.600000000093132,1,112,92,server-error
0,duplicate,server,10,31.700000000186265,1,112,92,server-error
0,duplicate,server,11,31.100000000093132,1,112,92,server-error
0,duplicate,server,12,25.200000000186265,1,112,92,server-error
0,duplicate,server,13,31.799999999813735,1,112,92,server-error
0,duplicate,server,14,31.899999999906868,1,112,92,server-error
0,duplicate,server,15,22,1,112,92,server-error
0,duplicate,server,16,31.299999999813735,1,112,92,server-error
0,duplicate,server,17,31.899999999906868,1,112,92,server-error
0,duplicate,server,18,32.3000000002794,1,112,92,server-error
0,duplicate,server,19,25.200000000186265,1,112,92,server-error
0,duplicate,server,20,31.5,1,112,92,server-error
0,duplicate,server,21,25.799999999813735,1,112,92,server-error
0,duplicate,server,22,31.5,1,112,92,server-error
0,duplicate,server,23,25.399999999906868,1,112,92,server-error
0,duplicate,server,24,30.5,1,112,92,server-error
0,duplicate,server,25,32.299999999813735,1,112,92,server-error
0,duplicate,server,26,28.800000000279397,1,112,92,server-error
0,duplicate,server,27,26.600000000093132,1,112,92,server-error
0,duplicate,server,28,29.100000000093132,1,112,92,server-error
0,duplicate,server,29,27.299999999813735,1,112,92,server-error
0,duplicate,server,30,25.899999999906868,1,112,92,server-error
0,duplicate,client,1,26.899999999906868,1,112,92,server-error
0,duplicate,client,2,23.199999999720603,1,112,92,server-error
0,duplicate,client,3,31.5,1,112,92,server-error
0,duplicate,client,4,23.59999999962747,1,112,92,server-error
0,duplicate,client,5,27,1,112,92,server-error
0,duplicate,client,6,27.800000000279397,1,112,92,server-error
0,duplicate,client,7,28.100000000093132,1,112,92,server-error
0,duplicate,client,8,26.899999999906868,1,112,92,server-error
0,duplicate,client,9,26.899999999906868,1,112,92,server-error
0,duplicate,client,10,25.5,1,112,92,server-error
0,duplicate,client,11,27,1,112,92,server-error
0,duplicate,client,12,27.399999999906868,1,112,92,server-error
0,duplicate,client,13,29.799999999813735,1,112,92,server-error
0,duplicate,client,14,24,1,112,92,server-error
0,duplicate,client,15,25.299999999813735,1,112,92,server-error
0,duplicate,client,16,28.300000000279397,1,112,92,server-error
0,duplicate,client,17,29.899999999906868,1,112,92,server-error
0,duplicate,client,18,24.700000000186265,1,112,92,server-error
0,duplicate,client,19,29.399999999906868,1,112,92,server-error
0,duplicate,client,20,27.899999999906868,1,112,92,server-error
0,duplicate,client,21,26.899999999906868,1,112,92,server-error
0,duplicate,client,22,27.100000000093132,1,112,92,server-error
0,duplicate,client,23,26,1,112,92,server-error
0,duplicate,client,24,31.600000000093132,1,112,92,server-error
0,duplicate,client,25,28.09999999962747,1,112,92,server-error
0,duplicate,client,26,28.600000000093132,1,112,92,server-error
0,duplicate,client,27,28.600000000093132,1,112,92,server-error
0,duplicate,client,28,25.09999999962747,1,112,92,server-error
0,duplicate,client,29,26.600000000093132,1,112,92,server-error
0,duplicate,client,30,27.5,1,112,92,server-error
200,invalid_format,server,1,214,1,100,95,server-error
200,invalid_format,server,2,214.5,1,100,95,server-error
200,invalid_format,server,3,219.3000000002794,1,100,95,server-error
200,invalid_format,server,4,215.6999999997206,1,100,95,server-error
200,invalid_format,server,5,214.5,1,100,95,server-error
200,invalid_format,server,6,215.1999999997206,1,100,95,server-error
200,invalid_format,server,7,216.39999999990687,1,100,95,server-error
200,invalid_format,server,8,217.10000000009313,1,100,95,server-error
200,invalid_format,server,9,216.8000000002794,1,100,95,server-error
200,invalid_format,server,10,216.89999999990687,1,100,95,server-error
200,invalid_format,server,11,218.8000000002794,1,100,95,server-error
200,invalid_format,server,12,216.09999999962747,1,100,95,server-error
200,invalid_format,server,13,217,1,100,95,server-error
200,invalid_format,server,14,215.79999999981374,1,100,95,server-error
200,invalid_format,server,15,216.3000000002794,1,100,95,server-error
200,invalid_format,server,16,216.10000000009313,1,100,95,server-error
200,invalid_format,server,17,215.8000000002794,1,100,95,server-error
200,invalid_format,server,18,218.39999999990687,1,100,95,server-error
200,invalid_format,server,19,213.3000000002794,1,100,95,server-error
200,invalid_format,server,20,219.89999999990687,1,100,95,server-error
200,invalid_format,server,21,216.60000000009313,1,100,95,server-error
200,invalid_format,server,22,216.70000000018626,1,100,95,server-error
200,invalid_format,server,23,214.79999999981374,1,100,95,server-error
200,invalid_format,server,24,215.10000000009313,1,100,95,server-error
200,invalid_format,server,25,218.20000000018626,1,100,95,server-error
200,invalid_format,server,26,220.59999999962747,1,100,95,server-error
200,invalid_format,server,27,225.5,1,100,95,server-error
200,invalid_format,server,28,217.5,1,100,95,server-error
200,invalid_format,server,29,220.39999999990687,1,100,95,server-error
200,invalid_format,server,30,220.89999999990687,1,100,95,server-error
200,invalid_format,client,1,0.10000000009313226,0,0,0,client-validation-error
200,invalid_format,client,2,0.10000000009313226,0,0,0,client-validation-error
200,invalid_format,client,3,0.10000000009313226,0,0,0,client-validation-error
200,invalid_format,client,4,0.10000000009313226,0,0,0,client-validation-error
200,invalid_format,client,5,0.10000000009313226,0,0,0,client-validation-error
200,invalid_format,client,6,0.10000000009313226,0,0,0,client-validation-error
200,invalid_format,client,7,0.10000000009313226,0,0,0,client-validation-error
200,invalid_format,client,8,0.10000000009313226,0,0,0,client-validation-error
200,invalid_format,client,9,0.09999999962747097,0,0,0,client-validation-error
200,invalid_format,client,10,0.10000000009313226,0,0,0,client-validation-error
200,invalid_format,client,11,0,0,0,0,client-validation-error
200,invalid_format,client,12,0,0,0,0,client-validation-error
200,invalid_format,client,13,0.10000000009313226,0,0,0,client-validation-error
200,invalid_format,client,14,0.10000000009313226,0,0,0,client-validation-error
200,invalid_format,client,15,0.10000000009313226,0,0,0,client-validation-error
200,invalid_format,client,16,0,0,0,0,client-validation-error
200,invalid_format,client,17,0.19999999972060323,0,0,0,client-validation-error
200,invalid_format,client,18,0.10000000009313226,0,0,0,client-validation-error
200,invalid_format,client,19,0.09999999962747097,0,0,0,client-validation-error
200,invalid_format,client,20,0.10000000009313226,0,0,0,client-validation-error
200,invalid_format,client,21,0.10000000009313226,0,0,0,client-validation-error
200,invalid_format,client,22,0.10000000009313226,0,0,0,client-validation-error
200,invalid_format,client,23,0.09999999962747097,0,0,0,client-validation-error
200,invalid_format,client,24,0,0,0,0,client-validation-error
200,invalid_format,client,25,0.19999999972060323,0,0,0,client-validation-error
200,invalid_format,client,26,0.10000000009313226,0,0,0,client-validation-error
200,invalid_format,client,27,0.19999999972060323,0,0,0,client-validation-error
200,invalid_format,client,28,0.20000000018626451,0,0,0,client-validation-error
200,invalid_format,client,29,0.20000000018626451,0,0,0,client-validation-error
200,invalid_format,client,30,0.10000000009313226,0,0,0,client-validation-error
200,valid,server,1,216.29999999981374,1,118,104,success
200,valid,server,2,220.89999999990687,1,118,104,success
200,valid,server,3,217.5,1,118,104,success
200,valid,server,4,219.89999999990687,1,118,104,success
200,valid,server,5,217.5,1,118,104,success
200,valid,server,6,219.60000000009313,1,118,104,success
200,valid,server,7,216.89999999990687,1,118,104,success
200,valid,server,8,221.39999999990687,1,118,104,success
200,valid,server,9,221.79999999981374,1,118,104,success
200,valid,server,10,219.5,1,118,104,success
200,valid,server,11,217.3000000002794,1,118,104,success
200,valid,server,12,220.60000000009313,1,118,104,success
200,valid,server,13,221.70000000018626,1,118,104,success
200,valid,server,14,217.1999999997206,1,118,104,success
200,valid,server,15,220,1,118,104,success
200,valid,server,16,217.20000000018626,1,118,104,success
200,valid,server,17,220.70000000018626,1,118,104,success
200,valid,server,18,222.6999999997206,1,118,104,success
200,valid,server,19,218,1,118,104,success
200,valid,server,20,222.6999999997206,1,118,104,success
200,valid,server,21,222.20000000018626,1,118,104,success
200,valid,server,22,220.20000000018626,1,118,104,success
200,valid,server,23,217.8000000002794,1,118,104,success
200,valid,server,24,227.3000000002794,1,118,104,success
200,valid,server,25,215.79999999981374,1,118,104,success
200,valid,server,26,221,1,118,104,success
200,valid,server,27,225.39999999990687,1,118,104,success
200,valid,server,28,220.39999999990687,1,118,104,success
200,valid,server,29,218.39999999990687,1,118,104,success
200,valid,server,30,222.6999999997206,1,118,104,success
200,valid,client,1,219.39999999990687,1,118,104,success
200,valid,client,2,224.5,1,118,104,success
200,valid,client,3,221.39999999990687,1,118,104,success
200,valid,client,4,223.70000000018626,1,118,104,success
200,valid,client,5,220.39999999990687,1,118,104,success
200,valid,client,6,212.39999999990687,1,118,104,success
200,valid,client,7,221,1,118,104,success
200,valid,client,8,223.79999999981374,1,118,104,success
200,valid,client,9,220.89999999990687,1,118,104,success
200,valid,client,10,225,1,118,104,success
200,valid,client,11,222.5,1,118,104,success
200,valid,client,12,227.70000000018626,1,118,104,success
200,valid,client,13,219.79999999981374,1,118,104,success
200,valid,client,14,224.20000000018626,1,118,104,success
200,valid,client,15,226.39999999990687,1,118,104,success
200,valid,client,16,217.10000000009313,1,118,104,success
200,valid,client,17,224.6999999997206,1,118,104,success
200,valid,client,18,221.39999999990687,1,118,104,success
200,valid,client,19,217.09999999962747,1,118,104,success
200,valid,client,20,224.60000000009313,1,118,104,success
200,valid,client,21,226.20000000018626,1,118,104,success
200,valid,client,22,220.10000000009313,1,118,104,success
200,valid,client,23,225.39999999990687,1,118,104,success
200,valid,client,24,228.89999999990687,1,118,104,success
200,valid,client,25,222.6999999997206,1,118,104,success
200,valid,client,26,224.60000000009313,1,118,104,success
200,valid,client,27,221.3000000002794,1,118,104,success
200,valid,client,28,225.60000000009313,1,118,104,success
200,valid,client,29,223.5,1,118,104,success
200,valid,client,30,224,1,118,104,success
200,duplicate,server,1,221.40000000037253,1,112,92,server-error
200,duplicate,server,2,219.39999999990687,1,112,92,server-error
200,duplicate,server,3,218.5,1,112,92,server-error
200,duplicate,server,4,216.39999999990687,1,112,92,server-error
200,duplicate,server,5,221.70000000018626,1,112,92,server-error
200,duplicate,server,6,222.10000000009313,1,112,92,server-error
200,duplicate,server,7,221.89999999990687,1,112,92,server-error
200,duplicate,server,8,225.6999999997206,1,112,92,server-error
200,duplicate,server,9,221.3000000002794,1,112,92,server-error
200,duplicate,server,10,225.79999999981374,1,112,92,server-error
200,duplicate,server,11,219.39999999990687,1,112,92,server-error
200,duplicate,server,12,221.8000000002794,1,112,92,server-error
200,duplicate,server,13,226.39999999990687,1,112,92,server-error
200,duplicate,server,14,220.89999999990687,1,112,92,server-error
200,duplicate,server,15,221.89999999990687,1,112,92,server-error
200,duplicate,server,16,223.29999999981374,1,112,92,server-error
200,duplicate,server,17,221.5,1,112,92,server-error
200,duplicate,server,18,216.5,1,112,92,server-error
200,duplicate,server,19,220,1,112,92,server-error
200,duplicate,server,20,223.70000000018626,1,112,92,server-error
200,duplicate,server,21,220,1,112,92,server-error
200,duplicate,server,22,221.60000000009313,1,112,92,server-error
200,duplicate,server,23,223.89999999990687,1,112,92,server-error
200,duplicate,server,24,225,1,112,92,server-error
200,duplicate,server,25,213.39999999990687,1,112,92,server-error
200,duplicate,server,26,223.79999999981374,1,112,92,server-error
200,duplicate,server,27,223.60000000009313,1,112,92,server-error
200,duplicate,server,28,213,1,112,92,server-error
200,duplicate,server,29,212.70000000018626,1,112,92,server-error
200,duplicate,server,30,223.6999999997206,1,112,92,server-error
200,duplicate,client,1,213.5,1,112,92,server-error
200,duplicate,client,2,224.29999999981374,1,112,92,server-error
200,duplicate,client,3,225.89999999990687,1,112,92,server-error
200,duplicate,client,4,223.70000000018626,1,112,92,server-error
200,duplicate,client,5,228.20000000018626,1,112,92,server-error
200,duplicate,client,6,223.8000000002794,1,112,92,server-error
200,duplicate,client,7,228.5,1,112,92,server-error
200,duplicate,client,8,226.90000000037253,1,112,92,server-error
200,duplicate,client,9,227.60000000009313,1,112,92,server-error
200,duplicate,client,10,227.5,1,112,92,server-error
200,duplicate,client,11,220.89999999990687,1,112,92,server-error
200,duplicate,client,12,227.3000000002794,1,112,92,server-error
200,duplicate,client,13,212.89999999990687,1,112,92,server-error
200,duplicate,client,14,227.10000000009313,1,112,92,server-error
200,duplicate,client,15,225.89999999990687,1,112,92,server-error
200,duplicate,client,16,228.39999999990687,1,112,92,server-error
200,duplicate,client,17,216.8000000002794,1,112,92,server-error
200,duplicate,client,18,219.8000000002794,1,112,92,server-error
200,duplicate,client,19,226.10000000009313,1,112,92,server-error
200,duplicate,client,20,212.39999999990687,1,112,92,server-error
200,duplicate,client,21,217.70000000018626,1,112,92,server-error
200,duplicate,client,22,216.40000000037253,1,112,92,server-error
200,duplicate,client,23,218.5,1,112,92,server-error
200,duplicate,client,24,213.60000000009313,1,112,92,server-error
200,duplicate,client,25,214.20000000018626,1,112,92,server-error
200,duplicate,client,26,218.39999999990687,1,112,92,server-error
200,duplicate,client,27,218.10000000009313,1,112,92,server-error
200,duplicate,client,28,215.20000000018626,1,112,92,server-error
200,duplicate,client,29,226,1,112,92,server-error
200,duplicate,client,30,213.39999999990687,1,112,92,server-error
500,invalid_format,server,1,522.1000000000931,1,100,95,server-error
500,invalid_format,server,2,527.7999999998137,1,100,95,server-error
500,invalid_format,server,3,519.3000000002794,1,100,95,server-error
500,invalid_format,server,4,517.1999999997206,1,100,95,server-error
500,invalid_format,server,5,528.2999999998137,1,100,95,server-error
500,invalid_format,server,6,522.6000000000931,1,100,95,server-error
500,invalid_format,server,7,523.1999999997206,1,100,95,server-error
500,invalid_format,server,8,520.1000000000931,1,100,95,server-error
500,invalid_format,server,9,528,1,100,95,server-error
500,invalid_format,server,10,523.6000000000931,1,100,95,server-error
500,invalid_format,server,11,523,1,100,95,server-error
500,invalid_format,server,12,532.7999999998137,1,100,95,server-error
500,invalid_format,server,13,526.6000000000931,1,100,95,server-error
500,invalid_format,server,14,524.6000000000931,1,100,95,server-error
500,invalid_format,server,15,529.8999999999069,1,100,95,server-error
500,invalid_format,server,16,528.1999999997206,1,100,95,server-error
500,invalid_format,server,17,528.5,1,100,95,server-error
500,invalid_format,server,18,520.1000000000931,1,100,95,server-error
500,invalid_format,server,19,519.3000000002794,1,100,95,server-error
500,invalid_format,server,20,518.0999999996275,1,100,95,server-error
500,invalid_format,server,21,530.6000000000931,1,100,95,server-error
500,invalid_format,server,22,525,1,100,95,server-error
500,invalid_format,server,23,522.7000000001863,1,100,95,server-error
500,invalid_format,server,24,531,1,100,95,server-error
500,invalid_format,server,25,522.7000000001863,1,100,95,server-error
500,invalid_format,server,26,522.1000000000931,1,100,95,server-error
500,invalid_format,server,27,527.3000000002794,1,100,95,server-error
500,invalid_format,server,28,528.6999999997206,1,100,95,server-error
500,invalid_format,server,29,524,1,100,95,server-error
500,invalid_format,server,30,526.4000000003725,1,100,95,server-error
500,invalid_format,client,1,0,0,0,0,client-validation-error
500,invalid_format,client,2,0.10000000009313226,0,0,0,client-validation-error
500,invalid_format,client,3,0.19999999972060323,0,0,0,client-validation-error
500,invalid_format,client,4,0.3000000002793968,0,0,0,client-validation-error
500,invalid_format,client,5,0.19999999972060323,0,0,0,client-validation-error
500,invalid_format,client,6,0.10000000009313226,0,0,0,client-validation-error
500,invalid_format,client,7,0.19999999972060323,0,0,0,client-validation-error
500,invalid_format,client,8,0.10000000009313226,0,0,0,client-validation-error
500,invalid_format,client,9,0.10000000009313226,0,0,0,client-validation-error
500,invalid_format,client,10,0.10000000009313226,0,0,0,client-validation-error
500,invalid_format,client,11,0.10000000009313226,0,0,0,client-validation-error
500,invalid_format,client,12,0.09999999962747097,0,0,0,client-validation-error
500,invalid_format,client,13,0.20000000018626451,0,0,0,client-validation-error
500,invalid_format,client,14,0.10000000009313226,0,0,0,client-validation-error
500,invalid_format,client,15,0,0,0,0,client-validation-error
500,invalid_format,client,16,0.10000000009313226,0,0,0,client-validation-error
500,invalid_format,client,17,0.10000000009313226,0,0,0,client-validation-error
500,invalid_format,client,18,0.19999999972060323,0,0,0,client-validation-error
500,invalid_format,client,19,0.19999999972060323,0,0,0,client-validation-error
500,invalid_format,client,20,0.10000000009313226,0,0,0,client-validation-error
500,invalid_format,client,21,0.20000000018626451,0,0,0,client-validation-error
500,invalid_format,client,22,0.10000000009313226,0,0,0,client-validation-error
500,invalid_format,client,23,0.09999999962747097,0,0,0,client-validation-error
500,invalid_format,client,24,0.19999999972060323,0,0,0,client-validation-error
500,invalid_format,client,25,0.09999999962747097,0,0,0,client-validation-error
500,invalid_format,client,26,0.10000000009313226,0,0,0,client-validation-error
500,invalid_format,client,27,0.20000000018626451,0,0,0,client-validation-error
500,invalid_format,client,28,0.10000000009313226,0,0,0,client-validation-error
500,invalid_format,client,29,0.20000000018626451,0,0,0,client-validation-error
500,invalid_format,client,30,0.10000000009313226,0,0,0,client-validation-error
500,valid,server,1,526.5999999996275,1,118,104,success
500,valid,server,2,529.3000000002794,1,118,104,success
500,valid,server,3,530.7000000001863,1,118,104,success
500,valid,server,4,532.7000000001863,1,118,104,success
500,valid,server,5,518,1,118,104,success
500,valid,server,6,530.3999999999069,1,118,104,success
500,valid,server,7,528,1,118,104,success
500,valid,server,8,531.3999999999069,1,118,104,success
500,valid,server,9,520,1,118,104,success
500,valid,server,10,530.2000000001863,1,118,104,success
500,valid,server,11,533.2999999998137,1,118,104,success
500,valid,server,12,519.8999999999069,1,118,104,success
500,valid,server,13,520,1,118,104,success
500,valid,server,14,514.3999999999069,1,118,104,success
500,valid,server,15,526.3999999999069,1,118,104,success
500,valid,server,16,525.6000000000931,1,118,104,success
500,valid,server,17,524,1,118,104,success
500,valid,server,18,522.3999999999069,1,118,104,success
500,valid,server,19,530,1,118,104,success
500,valid,server,20,521.2000000001863,1,118,104,success
500,valid,server,21,508.10000000009313,1,118,104,success
500,valid,server,22,526.5,1,118,104,success
500,valid,server,23,528.5,1,118,104,success
500,valid,server,24,516.5,1,118,104,success
500,valid,server,25,521.7000000001863,1,118,104,success
500,valid,server,26,528.6999999997206,1,118,104,success
500,valid,server,27,524.3999999999069,1,118,104,success
500,valid,server,28,521.5,1,118,104,success
500,valid,server,29,520.5,1,118,104,success
500,valid,server,30,528.4000000003725,1,118,104,success
500,valid,client,1,527.2000000001863,1,118,104,success
500,valid,client,2,507.60000000009313,1,118,104,success
500,valid,client,3,522.7000000001863,1,118,104,success
500,valid,client,4,533,1,118,104,success
500,valid,client,5,528.7000000001863,1,118,104,success
500,valid,client,6,526.5,1,118,104,success
500,valid,client,7,521.3999999999069,1,118,104,success
500,valid,client,8,525.5,1,118,104,success
500,valid,client,9,533,1,118,104,success
500,valid,client,10,531.2000000001863,1,118,104,success
500,valid,client,11,527.2999999998137,1,118,104,success
500,valid,client,12,517.0999999996275,1,118,104,success
500,valid,client,13,521.1000000000931,1,118,104,success
500,valid,client,14,533.7000000001863,1,118,104,success
500,valid,client,15,521.2000000001863,1,118,104,success
500,valid,client,16,529.9000000003725,1,118,104,success
500,valid,client,17,531.8999999999069,1,118,104,success
500,valid,client,18,526,1,118,104,success
500,valid,client,19,523.1999999997206,1,118,104,success
500,valid,client,20,524.6000000000931,1,118,104,success
500,valid,client,21,514.3000000002794,1,118,104,success
500,valid,client,22,527.5,1,118,104,success
500,valid,client,23,527.1000000000931,1,118,104,success
500,valid,client,24,522.6000000000931,1,118,104,success
500,valid,client,25,527.7000000001863,1,118,104,success
500,valid,client,26,516.6000000000931,1,118,104,success
500,valid,client,27,531.7000000001863,1,118,104,success
500,valid,client,28,529.7999999998137,1,118,104,success
500,valid,client,29,520.2000000001863,1,118,104,success
500,valid,client,30,520.8999999999069,1,118,104,success
500,duplicate,server,1,526,1,112,92,server-error
500,duplicate,server,2,531,1,112,92,server-error
500,duplicate,server,3,528.0999999996275,1,112,92,server-error
500,duplicate,server,4,529.6999999997206,1,112,92,server-error
500,duplicate,server,5,516,1,112,92,server-error
500,duplicate,server,6,525.3999999999069,1,112,92,server-error
500,duplicate,server,7,531.3999999999069,1,112,92,server-error
500,duplicate,server,8,525.6000000000931,1,112,92,server-error
500,duplicate,server,9,514.8999999999069,1,112,92,server-error
500,duplicate,server,10,527.6000000000931,1,112,92,server-error
500,duplicate,server,11,529.5,1,112,92,server-error
500,duplicate,server,12,518.7999999998137,1,112,92,server-error
500,duplicate,server,13,516.6000000000931,1,112,92,server-error
500,duplicate,server,14,518.6999999997206,1,112,92,server-error
500,duplicate,server,15,516.7999999998137,1,112,92,server-error
500,duplicate,server,16,525,1,112,92,server-error
500,duplicate,server,17,514.3999999999069,1,112,92,server-error
500,duplicate,server,18,529.8999999999069,1,112,92,server-error
500,duplicate,server,19,529.5,1,112,92,server-error
500,duplicate,server,20,530.7999999998137,1,112,92,server-error
500,duplicate,server,21,518.7999999998137,1,112,92,server-error
500,duplicate,server,22,526.0999999996275,1,112,92,server-error
500,duplicate,server,23,528.2999999998137,1,112,92,server-error
500,duplicate,server,24,527.2000000001863,1,112,92,server-error
500,duplicate,server,25,529.5,1,112,92,server-error
500,duplicate,server,26,517.8000000002794,1,112,92,server-error
500,duplicate,server,27,525,1,112,92,server-error
500,duplicate,server,28,531.3000000002794,1,112,92,server-error
500,duplicate,server,29,527.5999999996275,1,112,92,server-error
500,duplicate,server,30,526.6000000000931,1,112,92,server-error
500,duplicate,client,1,523.2999999998137,1,112,92,server-error
500,duplicate,client,2,526.7000000001863,1,112,92,server-error
500,duplicate,client,3,531.3000000002794,1,112,92,server-error
500,duplicate,client,4,525.2999999998137,1,112,92,server-error
500,duplicate,client,5,527.5,1,112,92,server-error
500,duplicate,client,6,527,1,112,92,server-error
500,duplicate,client,7,525.1000000000931,1,112,92,server-error
500,duplicate,client,8,518.1999999997206,1,112,92,server-error
500,duplicate,client,9,526.6999999997206,1,112,92,server-error
500,duplicate,client,10,527.8999999999069,1,112,92,server-error
500,duplicate,client,11,526.5,1,112,92,server-error
500,duplicate,client,12,518.7000000001863,1,112,92,server-error
500,duplicate,client,13,528.5,1,112,92,server-error
500,duplicate,client,14,525.2999999998137,1,112,92,server-error
500,duplicate,client,15,520.2000000001863,1,112,92,server-error
500,duplicate,client,16,515,1,112,92,server-error
500,duplicate,client,17,518,1,112,92,server-error
500,duplicate,client,18,506.10000000009313,1,112,92,server-error
500,duplicate,client,19,524.2999999998137,1,112,92,server-error
500,duplicate,client,20,514.1999999997206,1,112,92,server-error
500,duplicate,client,21,512,1,112,92,server-error
500,duplicate,client,22,508.39999999990687,1,112,92,server-error
500,duplicate,client,23,519.4000000003725,1,112,92,server-error
500,duplicate,client,24,519.7000000001863,1,112,92,server-error
500,duplicate,client,25,525.7999999998137,1,112,92,server-error
500,duplicate,client,26,529.1000000000931,1,112,92,server-error
500,duplicate,client,27,529.7999999998137,1,112,92,server-error
500,duplicate,client,28,525.2000000001863,1,112,92,server-error
500,duplicate,client,29,532,1,112,92,server-error
500,duplicate,client,30,522.7999999998137,1,112,92,server-error
1000,invalid_format,server,1,1013.9000000003725,1,100,95,server-error
1000,invalid_format,server,2,1027,1,100,95,server-error
1000,invalid_format,server,3,1019.6000000000931,1,100,95,server-error
1000,invalid_format,server,4,1028.1000000000931,1,100,95,server-error
1000,invalid_format,server,5,1018.5,1,100,95,server-error
1000,invalid_format,server,6,1022.3999999999069,1,100,95,server-error
1000,invalid_format,server,7,1026.1000000000931,1,100,95,server-error
1000,invalid_format,server,8,1006.6000000000931,1,100,95,server-error
1000,invalid_format,server,9,1030.3999999999069,1,100,95,server-error
1000,invalid_format,server,10,1004.7999999998137,1,100,95,server-error
1000,invalid_format,server,11,1023.8999999999069,1,100,95,server-error
1000,invalid_format,server,12,1021.3999999999069,1,100,95,server-error
1000,invalid_format,server,13,1025.2000000001863,1,100,95,server-error
1000,invalid_format,server,14,1023.8000000002794,1,100,95,server-error
1000,invalid_format,server,15,1028.1000000000931,1,100,95,server-error
1000,invalid_format,server,16,1031.1999999997206,1,100,95,server-error
1000,invalid_format,server,17,1030.3999999999069,1,100,95,server-error
1000,invalid_format,server,18,1020.1000000000931,1,100,95,server-error
1000,invalid_format,server,19,1024.3999999999069,1,100,95,server-error
1000,invalid_format,server,20,1021,1,100,95,server-error
1000,invalid_format,server,21,1030.1000000000931,1,100,95,server-error
1000,invalid_format,server,22,1005.3999999999069,1,100,95,server-error
1000,invalid_format,server,23,1020.8000000002794,1,100,95,server-error
1000,invalid_format,server,24,1030.6000000000931,1,100,95,server-error
1000,invalid_format,server,25,1024.5,1,100,95,server-error
1000,invalid_format,server,26,1016.1999999997206,1,100,95,server-error
1000,invalid_format,server,27,1027.7000000001863,1,100,95,server-error
1000,invalid_format,server,28,1027.9000000003725,1,100,95,server-error
1000,invalid_format,server,29,1016.7000000001863,1,100,95,server-error
1000,invalid_format,server,30,1030.0999999996275,1,100,95,server-error
1000,invalid_format,client,1,0.10000000009313226,0,0,0,client-validation-error
1000,invalid_format,client,2,0.10000000009313226,0,0,0,client-validation-error
1000,invalid_format,client,3,0.10000000009313226,0,0,0,client-validation-error
1000,invalid_format,client,4,0.10000000009313226,0,0,0,client-validation-error
1000,invalid_format,client,5,0.10000000009313226,0,0,0,client-validation-error
1000,invalid_format,client,6,0.20000000018626451,0,0,0,client-validation-error
1000,invalid_format,client,7,0.10000000009313226,0,0,0,client-validation-error
1000,invalid_format,client,8,0.10000000009313226,0,0,0,client-validation-error
1000,invalid_format,client,9,0.10000000009313226,0,0,0,client-validation-error
1000,invalid_format,client,10,0.20000000018626451,0,0,0,client-validation-error
1000,invalid_format,client,11,0.09999999962747097,0,0,0,client-validation-error
1000,invalid_format,client,12,0.10000000009313226,0,0,0,client-validation-error
1000,invalid_format,client,13,0.2999999998137355,0,0,0,client-validation-error
1000,invalid_format,client,14,0.10000000009313226,0,0,0,client-validation-error
1000,invalid_format,client,15,0.10000000009313226,0,0,0,client-validation-error
1000,invalid_format,client,16,0.10000000009313226,0,0,0,client-validation-error
1000,invalid_format,client,17,0.10000000009313226,0,0,0,client-validation-error
1000,invalid_format,client,18,0.10000000009313226,0,0,0,client-validation-error
1000,invalid_format,client,19,0.19999999972060323,0,0,0,client-validation-error
1000,invalid_format,client,20,0,0,0,0,client-validation-error
1000,invalid_format,client,21,0.10000000009313226,0,0,0,client-validation-error
1000,invalid_format,client,22,0.10000000009313226,0,0,0,client-validation-error
1000,invalid_format,client,23,0.19999999972060323,0,0,0,client-validation-error
1000,invalid_format,client,24,0.10000000009313226,0,0,0,client-validation-error
1000,invalid_format,client,25,0.20000000018626451,0,0,0,client-validation-error
1000,invalid_format,client,26,0.10000000009313226,0,0,0,client-validation-error
1000,invalid_format,client,27,0.20000000018626451,0,0,0,client-validation-error
1000,invalid_format,client,28,0.10000000009313226,0,0,0,client-validation-error
1000,invalid_format,client,29,0.10000000009313226,0,0,0,client-validation-error
1000,invalid_format,client,30,0.10000000009313226,0,0,0,client-validation-error
1000,valid,server,1,1014.6000000000931,1,118,104,success
1000,valid,server,2,1031.5999999996275,1,118,104,success
1000,valid,server,3,1017.3999999999069,1,118,104,success
1000,valid,server,4,1005.8000000002794,1,118,104,success
1000,valid,server,5,1025,1,118,104,success
1000,valid,server,6,1019,1,118,104,success
1000,valid,server,7,1019.8999999999069,1,118,104,success
1000,valid,server,8,1030,1,118,104,success
1000,valid,server,9,1027.8000000002794,1,118,104,success
1000,valid,server,10,1028.7000000001863,1,118,104,success
1000,valid,server,11,1023.0999999996275,1,118,104,success
1000,valid,server,12,1026.2000000001863,1,118,104,success
1000,valid,server,13,1025.5999999996275,1,118,104,success
1000,valid,server,14,1027,1,118,104,success
1000,valid,server,15,1026,1,118,104,success
1000,valid,server,16,1015.2000000001863,1,118,104,success
1000,valid,server,17,1022,1,118,104,success
1000,valid,server,18,1027.3999999999069,1,118,104,success
1000,valid,server,19,1030.6999999997206,1,118,104,success
1000,valid,server,20,1026.6000000000931,1,118,104,success
1000,valid,server,21,1031.7999999998137,1,118,104,success
1000,valid,server,22,1031.1000000000931,1,118,104,success
1000,valid,server,23,1028.7000000001863,1,118,104,success
1000,valid,server,24,1026.6000000000931,1,118,104,success
1000,valid,server,25,1015.7000000001863,1,118,104,success
1000,valid,server,26,1030.8000000002794,1,118,104,success
1000,valid,server,27,1025,1,118,104,success
1000,valid,server,28,1024.4000000003725,1,118,104,success
1000,valid,server,29,1015.6000000000931,1,118,104,success
1000,valid,server,30,1028.7999999998137,1,118,104,success
1000,valid,client,1,1029.6999999997206,1,118,104,success
1000,valid,client,2,1025.4000000003725,1,118,104,success
1000,valid,client,3,1024.5,1,118,104,success
1000,valid,client,4,1025.8999999999069,1,118,104,success
1000,valid,client,5,1024.7999999998137,1,118,104,success
1000,valid,client,6,1030.1999999997206,1,118,104,success
1000,valid,client,7,1026.7999999998137,1,118,104,success
1000,valid,client,8,1028.6000000000931,1,118,104,success
1000,valid,client,9,1027.7999999998137,1,118,104,success
1000,valid,client,10,1021.5,1,118,104,success
1000,valid,client,11,1029.0999999996275,1,118,104,success
1000,valid,client,12,1023.5,1,118,104,success
1000,valid,client,13,1028.3000000002794,1,118,104,success
1000,valid,client,14,1023.5,1,118,104,success
1000,valid,client,15,1024.2999999998137,1,118,104,success
1000,valid,client,16,1028.7000000001863,1,118,104,success
1000,valid,client,17,1019.5,1,118,104,success
1000,valid,client,18,1027.1999999997206,1,118,104,success
1000,valid,client,19,1028.2000000001863,1,118,104,success
1000,valid,client,20,1025.7999999998137,1,118,104,success
1000,valid,client,21,1024.7000000001863,1,118,104,success
1000,valid,client,22,1025.2999999998137,1,118,104,success
1000,valid,client,23,1033.1000000000931,1,118,104,success
1000,valid,client,24,1021,1,118,104,success
1000,valid,client,25,1017.5,1,118,104,success
1000,valid,client,26,1026.7000000001863,1,118,104,success
1000,valid,client,27,1021.6999999997206,1,118,104,success
1000,valid,client,28,1028.5,1,118,104,success
1000,valid,client,29,1029.8999999999069,1,118,104,success
1000,valid,client,30,1026.1000000000931,1,118,104,success
1000,duplicate,server,1,1014.2000000001863,1,112,92,server-error
1000,duplicate,server,2,1026.3999999999069,1,112,92,server-error
1000,duplicate,server,3,1018.1999999997206,1,112,92,server-error
1000,duplicate,server,4,1024.4000000003725,1,112,92,server-error
1000,duplicate,server,5,1029,1,112,92,server-error
1000,duplicate,server,6,1005.9000000003725,1,112,92,server-error
1000,duplicate,server,7,1029,1,112,92,server-error
1000,duplicate,server,8,1031.2999999998137,1,112,92,server-error
1000,duplicate,server,9,1023.1999999997206,1,112,92,server-error
1000,duplicate,server,10,1030.6000000000931,1,112,92,server-error
1000,duplicate,server,11,1024.3999999999069,1,112,92,server-error
1000,duplicate,server,12,1025.6000000000931,1,112,92,server-error
1000,duplicate,server,13,1029.1000000000931,1,112,92,server-error
1000,duplicate,server,14,1025.1999999997206,1,112,92,server-error
1000,duplicate,server,15,1029.3000000002794,1,112,92,server-error
1000,duplicate,server,16,1027.1000000000931,1,112,92,server-error
1000,duplicate,server,17,1014,1,112,92,server-error
1000,duplicate,server,18,1017.5,1,112,92,server-error
1000,duplicate,server,19,1015.8999999999069,1,112,92,server-error
1000,duplicate,server,20,1021,1,112,92,server-error
1000,duplicate,server,21,1016.8999999999069,1,112,92,server-error
1000,duplicate,server,22,1020.2000000001863,1,112,92,server-error
1000,duplicate,server,23,1024.2000000001863,1,112,92,server-error
1000,duplicate,server,24,1029.1000000000931,1,112,92,server-error
1000,duplicate,server,25,1016.5,1,112,92,server-error
1000,duplicate,server,26,1025.6000000000931,1,112,92,server-error
1000,duplicate,server,27,1027.5,1,112,92,server-error
1000,duplicate,server,28,1026.7000000001863,1,112,92,server-error
1000,duplicate,server,29,1026.2999999998137,1,112,92,server-error
1000,duplicate,server,30,1027.2999999998137,1,112,92,server-error
1000,duplicate,client,1,1025.5,1,112,92,server-error
1000,duplicate,client,2,1011,1,112,92,server-error
1000,duplicate,client,3,1009,1,112,92,server-error
1000,duplicate,client,4,1028.7999999998137,1,112,92,server-error
1000,duplicate,client,5,1019.3999999999069,1,112,92,server-error
1000,duplicate,client,6,1021.6000000000931,1,112,92,server-error
1000,duplicate,client,7,1018.6999999997206,1,112,92,server-error
1000,duplicate,client,8,1016.3999999999069,1,112,92,server-error
1000,duplicate,client,9,1022.1000000000931,1,112,92,server-error
1000,duplicate,client,10,1016.7999999998137,1,112,92,server-error
1000,duplicate,client,11,1022.7000000001863,1,112,92,server-error
1000,duplicate,client,12,1018.6999999997206,1,112,92,server-error
1000,duplicate,client,13,1029.6000000000931,1,112,92,server-error
1000,duplicate,client,14,1021.1000000000931,1,112,92,server-error
1000,duplicate,client,15,1020.5,1,112,92,server-error
1000,duplicate,client,16,1028.2999999998137,1,112,92,server-error
1000,duplicate,client,17,1025.5,1,112,92,server-error
1000,duplicate,client,18,1016.8999999999069,1,112,92,server-error
1000,duplicate,client,19,1013.1000000000931,1,112,92,server-error
1000,duplicate,client,20,1029.1999999997206,1,112,92,server-error
1000,duplicate,client,21,1022,1,112,92,server-error
1000,duplicate,client,22,1017.2999999998137,1,112,92,server-error
1000,duplicate,client,23,1016.8999999999069,1,112,92,server-error
1000,duplicate,client,24,1030.1000000000931,1,112,92,server-error
1000,duplicate,client,25,1010.8000000002794,1,112,92,server-error
1000,duplicate,client,26,1028.5,1,112,92,server-error
1000,duplicate,client,27,1021.8999999999069,1,112,92,server-error
1000,duplicate,client,28,1031.3000000002794,1,112,92,server-error
1000,duplicate,client,29,1029,1,112,92,server-error
1000,duplicate,client,30,1023,1,112,92,server-error
